subject,gender,n_frames,AU01_r,AU02_r,AU04_r,AU05_r,AU06_r,AU07_r,AU09_r,AU10_r,AU12_r,AU14_r,AU15_r,AU17_r,AU20_r,AU23_r,AU25_r,AU26_r,AU45_r
ZFL,patient,3630,0.07353719008264463,0.046049586776859504,0.6482011019283748,0.03406611570247934,0.3864765840220386,0.5082506887052342,0.05136639118457301,0.008096418732782369,0.14209917355371898,0.2626446280991736,0.0654214876033058,0.21491460055096417,0.10206060606060606,0.12132506887052343,0.17133608815426998,0.39198347107438014,0.1901184573002755
MHD,patient,1815,0.1448539944903581,0.07867217630853995,1.4869421487603307,0.03353168044077135,1.6270192837465565,3.0331790633608815,0.06047933884297521,1.7549256198347107,0.45482093663911854,1.8896308539944906,0.11480440771349862,0.4306446280991735,0.11673829201101928,0.07510192837465567,0.3886005509641874,0.2709641873278237,0.1823030303030303
WGL,patient,1806,0.21014950166112956,0.08805647840531564,0.2736323366555925,0.04406976744186046,1.358250276854928,1.7748615725359909,0.056738648947951276,0.6858084163898117,0.7718770764119602,1.0130564784053155,0.14279623477297895,0.6601771871539314,0.11134551495016613,0.19535437430786268,0.4388150609080841,0.6954263565891473,0.20864894795127353
ZJK,patient,1804,0.08815964523281596,0.0824279379157428,0.21277716186252774,0.04309866962305987,0.3742793791574279,0.23528824833702885,0.04369179600886918,0.2659977827050998,0.029002217294900226,0.044046563192904654,0.1246119733924612,0.45799334811529935,0.06263303769401331,0.09029933481152994,0.5497782705099777,0.25526053215077604,0.18991685144124168
