subject,gender,n_frames,AU01_r,AU02_r,AU04_r,AU05_r,AU06_r,AU07_r,AU09_r,AU10_r,AU12_r,AU14_r,AU15_r,AU17_r,AU20_r,AU23_r,AU25_r,AU26_r,AU45_r
M1,normal,7703,0.09527846293651825,0.06422952096585746,0.6959678047513956,0.04224587822926133,1.619504089315851,2.3228949759833832,0.05261326755809424,2.685155134363235,0.24516162534077632,0.627745034402181,0.2145320005192782,0.8155822406854473,0.10269894846163832,0.0806439049720888,1.2900272621056732,0.846124886407893,0.13808386342983253
M2,normal,7800,0.11361153846153847,0.07770641025641026,1.5990846153846154,0.04433205128205128,0.3073628205128205,1.227776923076923,0.10335000000000001,1.342276923076923,0.3268153846153846,0.6452141025641026,0.1623769230769231,0.6822358974358975,0.15733846153846154,0.12256538461538462,0.34373205128205125,0.6198717948717949,0.13398076923076924
ZFL,patient,7187,0.1337386948657298,0.05633226659245861,0.683542507304856,0.05982329205509948,0.8775998330318631,0.6307165715875888,0.0429483790176708,0.39858494503965497,0.4027354946431056,0.3701669681369139,0.08515653262835675,0.24366634200640044,0.08488381800473076,0.08551412272158063,0.27132739668846534,0.3408167524697371,0.14827466258522334
WGL,patient,3647,0.1178941595832191,0.07123389086920756,0.11280230326295584,0.04706333973128599,1.6444639429668222,1.0826295585412669,0.09319440636139292,1.0248834658623527,1.4770496298327394,1.1760954208938852,0.1383383602961338,0.4546723334247326,0.06893062791335344,0.07028242391006306,0.2795804771044694,0.3804140389361119,0.1795749931450507
ZJK,patient,10008,0.10523381294964027,0.07396282973621104,0.22064348521183053,0.04009192645883294,0.16822342126298961,0.42494104716227016,0.032807753796962436,0.33539768185451635,0.12668565147881694,0.23746802557953642,0.11126298960831335,0.21904276578737014,0.06822641886490807,0.06619404476418865,0.42167366107114307,0.3692356115107913,0.19311750599520383
