subject,gender,n_frames,AU01_r,AU02_r,AU04_r,AU05_r,AU06_r,AU07_r,AU09_r,AU10_r,AU12_r,AU14_r,AU15_r,AU17_r,AU20_r,AU23_r,AU25_r,AU26_r,AU45_r
M1,normal,16636,0.08299591247896129,0.05260759798028373,0.9720431594133206,0.041210026448665546,1.2385164703053617,1.7336180572252946,0.044645347439288295,2.444508295263285,0.09843772541476317,0.6328805001202212,0.11146850204376052,0.44039492666506375,0.15195299350805483,0.22725354652560714,1.413357778312094,0.8357231305602307,0.1407622024525126
M2,normal,20520,0.18340350877192982,0.12301218323586745,1.3604668615984405,0.05759746588693958,0.3995165692007797,1.0923815789473683,0.09919883040935672,1.5914195906432747,0.32117933723196884,0.463187134502924,0.32504239766081877,0.9652480506822612,0.18109649122807017,0.21932504873294348,0.5363323586744639,0.8595263157894737,0.1901120857699805
ZFL,patient,19952,0.11400611467522054,0.06640236567762631,0.6932432838813152,0.05630212510024059,0.6216439454691259,0.7322579190056135,0.06789745388933441,0.4193288893344026,0.2971937650360866,0.33858009222133123,0.1452014835605453,0.4181911587810746,0.0960660585404972,0.16013382117081,0.5562249398556536,0.5426583801122694,0.15935294707297512
WGL,patient,10010,0.19789410589410592,0.12991908091908091,0.6651388611388611,0.08645754245754246,1.2054965034965035,1.5855724275724277,0.05846853146853147,1.2185654345654346,0.7227332667332667,0.8980299700299699,0.1427062937062937,0.5168041958041958,0.07459640359640358,0.08611788211788211,0.27663836163836164,0.3222757242757242,0.15215284715284716
ZJK,patient,20178,0.10745514917236594,0.07449846367330756,0.21505748835365252,0.037244028149469734,0.15901080384577262,0.40710328080087216,0.034083159877093865,0.3271800971354941,0.11787540886113589,0.2267385271087323,0.10877341659232828,0.21574041034790367,0.06292397660818713,0.06698087025473287,0.44053622757458616,0.3738556844087621,0.19290861334126277
