subject,n_frames,AU01_r,AU02_r,AU04_r,AU05_r,AU06_r,AU07_r,AU09_r,AU10_r,AU12_r,AU14_r,AU15_r,AU17_r,AU20_r,AU23_r,AU25_r,AU26_r,AU45_r
F1_正常,3831,0.2022265726964239,0.1698381623596972,0.25476115896632734,0.079997389715479,1.4167267032106499,2.6891542678151916,0.05372226572696424,0.8510154006786739,0.21360219263899766,0.6618533020099192,0.14673975463325506,0.4166744975202297,0.12205690420255809,0.16280866614460976,0.23719394413991124,0.30895327590707383,0.28504829026363876
F2_正常,4007,0.1348440229598203,0.07894933865734964,1.3868729722984778,0.05262290990766159,2.3395358123284256,1.065547791365111,0.04107062640379336,2.2869278762166214,1.4993161966558524,1.0697179935113552,0.15036935363114548,0.40338158223109555,0.0883254304966309,0.04729473421512354,0.2943598702271026,0.6342101322685301,0.16257050162216122
MHD_患者,1815,0.1448539944903581,0.07867217630853995,1.4869421487603307,0.03353168044077135,1.6270192837465565,3.0331790633608815,0.06047933884297521,1.7549256198347107,0.45482093663911854,1.8896308539944906,0.11480440771349862,0.4306446280991735,0.11673829201101928,0.07510192837465567,0.3886005509641874,0.2709641873278237,0.1823030303030303
