subject,n_frames,AU01_r,AU02_r,AU04_r,AU05_r,AU06_r,AU07_r,AU09_r,AU10_r,AU12_r,AU14_r,AU15_r,AU17_r,AU20_r,AU23_r,AU25_r,AU26_r,AU45_r
M1_正常,1562,0.09968629961587709,0.05298975672215109,0.5837708066581306,0.04133802816901408,1.505134443021767,2.2024327784891167,0.03197823303457106,2.743508322663252,0.3596350832266325,0.2855121638924456,0.11791293213828424,0.5519462227912932,0.12310499359795135,0.2745710627400768,0.5474263764404609,0.3624647887323944,0.14505121638924456
M2_正常,4401,0.14379459213815043,0.12647580095432856,1.094151329243354,0.060277209725062494,0.4759418314019542,1.1250965689615995,0.08196546239491025,1.8324698932060897,0.38977959554646674,0.4229538741195183,0.5426834810270393,0.8136309929561463,0.36977505112474435,0.21174051351965462,0.6444285389684163,0.7474255850942968,0.28174505794137694
ZFL_患者,3630,0.07353719008264463,0.046049586776859504,0.6482011019283748,0.03406611570247934,0.3864765840220386,0.5082506887052342,0.05136639118457301,0.008096418732782369,0.14209917355371898,0.2626446280991736,0.0654214876033058,0.21491460055096417,0.10206060606060606,0.12132506887052343,0.17133608815426998,0.39198347107438014,0.1901184573002755
WGL_患者,1806,0.21014950166112956,0.08805647840531564,0.2736323366555925,0.04406976744186046,1.358250276854928,1.7748615725359909,0.056738648947951276,0.6858084163898117,0.7718770764119602,1.0130564784053155,0.14279623477297895,0.6601771871539314,0.11134551495016613,0.19535437430786268,0.4388150609080841,0.6954263565891473,0.20864894795127353
ZJK_患者,1804,0.08815964523281596,0.0824279379157428,0.21277716186252774,0.04309866962305987,0.3742793791574279,0.23528824833702885,0.04369179600886918,0.2659977827050998,0.029002217294900226,0.044046563192904654,0.1246119733924612,0.45799334811529935,0.06263303769401331,0.09029933481152994,0.5497782705099777,0.25526053215077604,0.18991685144124168
