subject,gender,n_frames,AU01_r,AU02_r,AU04_r,AU05_r,AU06_r,AU07_r,AU09_r,AU10_r,AU12_r,AU14_r,AU15_r,AU17_r,AU20_r,AU23_r,AU25_r,AU26_r,AU45_r
F1,normal,20334,0.2081533392347792,0.10008016130618667,0.6436810268515787,0.06980574407396478,1.8750373758237433,3.3591339628208905,0.061910101308153824,1.7800875381135046,0.5449144290351134,1.0554131012097963,0.17670846857480085,0.45513179895741124,0.12920232123536932,0.1685974230353103,0.5365983082521883,0.4677899085275893,0.24292957607947277
F2,normal,20348,0.1332681344603892,0.07451592294082957,1.8600668370355808,0.06912227245920975,2.235767151562807,1.107391881265972,0.1244490859052487,2.176790839394535,1.0960335168075488,0.9276076272852368,0.1356315116964812,0.39993709455474735,0.11155396107725575,0.16703656379005308,0.3591910752899548,0.7509873206211913,0.1332691173579713
MHD,patient,10018,0.1489419045717708,0.08019165502096227,1.486112996606109,0.05643641445398284,1.996990417248952,3.1417498502695147,0.04478538630465163,1.9696705929327212,0.7525873427829907,1.317039329207427,0.1572180075863446,0.4755579956079058,0.10085945298462767,0.13135356358554603,0.49491914553803157,0.3340816530245558,0.2894290277500499
