subject,gender,n_frames,AU01_r,AU02_r,AU04_r,AU05_r,AU06_r,AU07_r,AU09_r,AU10_r,AU12_r,AU14_r,AU15_r,AU17_r,AU20_r,AU23_r,AU25_r,AU26_r,AU45_r
F1,normal,7774,0.27491638795986617,0.10562258811422691,0.6118780550553126,0.05418960638024183,1.895962181631078,3.3382904553640342,0.051297916130692046,1.9401402109596089,0.5952405454077695,0.6268150244404426,0.29986107537947,0.5229109853357345,0.16505273990223823,0.1645948031901209,0.6688538718806277,0.48978518137381016,0.2664985850270131
F2,normal,7748,0.08179013939081053,0.05288719669592154,2.0101535880227153,0.05575761486835312,2.4142694889003615,1.3763835828600928,0.03987609705730512,2.2875090345895717,1.2154788332472894,0.8627762003097574,0.20150103252452245,0.532374806401652,0.07335570469798657,0.06546979865771813,0.3117178626742385,0.4118611254517295,0.13597573567372226
MHD,patient,3643,0.16586604446884437,0.07439747460883886,1.2034147680483118,0.03941531704639034,1.9319873730441945,2.8917897337359317,0.042541861103486144,2.0901894043370848,0.7893713972001097,1.712443041449355,0.07790557233049684,0.26962393631622295,0.07228108701619544,0.08032116387592644,0.32312928904748833,0.288528685149602,0.2248339280812517
